"","date","value","Pmm"
"1","2014-09-30T00:00:00",64,6.4
"2","2014-10-01T00:00:00",0,0
"3","2014-10-02T00:00:00",0,0
"4","2014-10-03T00:00:00",0,0
"5","2014-10-04T00:00:00",150,15
"6","2014-10-05T00:00:00",0,0
"7","2014-10-06T00:00:00",0,0
"8","2014-10-07T00:00:00",254,25.4
"9","2014-10-08T00:00:00",51,5.1
"10","2014-10-09T00:00:00",0,0
"11","2014-10-10T00:00:00",28,2.8
"12","2014-10-11T00:00:00",0,0
"13","2014-10-12T00:00:00",41,4.1
"14","2014-10-13T00:00:00",5,0.5
"15","2014-10-14T00:00:00",81,8.1
"16","2014-10-15T00:00:00",450,45
"17","2014-10-16T00:00:00",28,2.8
"18","2014-10-17T00:00:00",0,0
"19","2014-10-18T00:00:00",0,0
"20","2014-10-19T00:00:00",0,0
"21","2014-10-20T00:00:00",0,0
"22","2014-10-21T00:00:00",8,0.8
"23","2014-10-22T00:00:00",0,0
"24","2014-10-23T00:00:00",0,0
"25","2014-10-24T00:00:00",0,0
"26","2014-10-25T00:00:00",0,0
"27","2014-10-26T00:00:00",0,0
"28","2014-10-27T00:00:00",0,0
"29","2014-10-28T00:00:00",0,0
"30","2014-10-29T00:00:00",0,0
"31","2014-10-30T00:00:00",18,1.8
"32","2014-10-31T00:00:00",0,0
"33","2014-11-01T00:00:00",10,1
"34","2014-11-02T00:00:00",0,0
"35","2014-11-03T00:00:00",0,0
"36","2014-11-04T00:00:00",0,0
"37","2014-11-05T00:00:00",0,0
"38","2014-11-06T00:00:00",10,1
"39","2014-11-07T00:00:00",8,0.8
"40","2014-11-08T00:00:00",0,0
"41","2014-11-09T00:00:00",0,0
"42","2014-11-10T00:00:00",0,0
"43","2014-11-11T00:00:00",0,0
"44","2014-11-12T00:00:00",0,0
"45","2014-11-13T00:00:00",0,0
"46","2014-11-14T00:00:00",0,0
"47","2014-11-15T00:00:00",0,0
"48","2014-11-16T00:00:00",0,0
"49","2014-11-17T00:00:00",287,28.7
"50","2014-11-18T00:00:00",53,5.3
"51","2014-11-19T00:00:00",0,0
"52","2014-11-20T00:00:00",0,0
"53","2014-11-21T00:00:00",0,0
"54","2014-11-22T00:00:00",0,0
"55","2014-11-23T00:00:00",15,1.5
"56","2014-11-24T00:00:00",213,21.3
"57","2014-11-25T00:00:00",0,0
"58","2014-11-26T00:00:00",48,4.8
"59","2014-11-27T00:00:00",25,2.5
"60","2014-11-28T00:00:00",0,0
"61","2014-11-29T00:00:00",0,0
"62","2014-11-30T00:00:00",0,0
"63","2014-12-01T00:00:00",0,0
"64","2014-12-02T00:00:00",0,0
"65","2014-12-03T00:00:00",0,0
"66","2014-12-04T00:00:00",0,0
"67","2014-12-05T00:00:00",13,1.3
"68","2014-12-06T00:00:00",58,5.8
"69","2014-12-07T00:00:00",15,1.5
"70","2014-12-08T00:00:00",0,0
"71","2014-12-09T00:00:00",0,0
"72","2014-12-10T00:00:00",0,0
"73","2014-12-11T00:00:00",0,0
"74","2014-12-12T00:00:00",0,0
"75","2014-12-13T00:00:00",0,0
"76","2014-12-14T00:00:00",0,0
"77","2014-12-15T00:00:00",0,0
"78","2014-12-16T00:00:00",51,5.1
"79","2014-12-17T00:00:00",0,0
"80","2014-12-18T00:00:00",0,0
"81","2014-12-19T00:00:00",0,0
"82","2014-12-20T00:00:00",25,2.5
"83","2014-12-21T00:00:00",0,0
"84","2014-12-22T00:00:00",0,0
"85","2014-12-23T00:00:00",71,7.1
"86","2014-12-24T00:00:00",338,33.8
"87","2014-12-25T00:00:00",20,2
"88","2014-12-26T00:00:00",0,0
"89","2014-12-27T00:00:00",0,0
"90","2014-12-28T00:00:00",5,0.5
"91","2014-12-29T00:00:00",122,12.2
"92","2014-12-30T00:00:00",5,0.5
"93","2014-12-31T00:00:00",0,0
"94","2015-01-01T00:00:00",0,0
"95","2015-01-02T00:00:00",0,0
"96","2015-01-03T00:00:00",89,8.9
"97","2015-01-06T00:00:00",0,0
"98","2015-01-07T00:00:00",0,0
"99","2015-01-08T00:00:00",0,0
"100","2015-01-09T00:00:00",0,0
"101","2015-01-10T00:00:00",0,0
"102","2015-01-11T00:00:00",0,0
"103","2015-01-12T00:00:00",28,2.8
"104","2015-01-13T00:00:00",127,12.7
"105","2015-01-14T00:00:00",0,0
"106","2015-01-15T00:00:00",0,0
"107","2015-01-16T00:00:00",0,0
"108","2015-01-17T00:00:00",0,0
"109","2015-01-18T00:00:00",5,0.5
"110","2015-01-19T00:00:00",3,0.3
"111","2015-01-20T00:00:00",0,0
"112","2015-01-21T00:00:00",0,0
"113","2015-01-22T00:00:00",0,0
"114","2015-01-23T00:00:00",38,3.8
"115","2015-01-24T00:00:00",173,17.3
"116","2015-01-25T00:00:00",0,0
"117","2015-01-26T00:00:00",5,0.5
"118","2015-01-27T00:00:00",0,0
"119","2015-01-28T00:00:00",0,0
"120","2015-01-29T00:00:00",0,0
"121","2015-01-30T00:00:00",5,0.5
"122","2015-01-31T00:00:00",0,0
"123","2015-02-01T00:00:00",0,0
"124","2015-02-02T00:00:00",218,21.8
"125","2015-02-03T00:00:00",0,0
"126","2015-02-04T00:00:00",0,0
"127","2015-02-05T00:00:00",0,0
"128","2015-02-06T00:00:00",0,0
"129","2015-02-07T00:00:00",0,0
"130","2015-02-08T00:00:00",0,0
"131","2015-02-09T00:00:00",10,1
"132","2015-02-10T00:00:00",20,2
"133","2015-02-11T00:00:00",0,0
"134","2015-02-12T00:00:00",0,0
"135","2015-02-13T00:00:00",0,0
"136","2015-02-14T00:00:00",0,0
"137","2015-02-15T00:00:00",0,0
"138","2015-02-16T00:00:00",0,0
"139","2015-02-17T00:00:00",323,32.3
"140","2015-02-18T00:00:00",0,0
"141","2015-02-19T00:00:00",3,0.3
"142","2015-02-20T00:00:00",0,0
"143","2015-02-21T00:00:00",0,0
"144","2015-02-22T00:00:00",155,15.5
"145","2015-02-23T00:00:00",3,0.3
"146","2015-02-24T00:00:00",86,8.6
"147","2015-02-25T00:00:00",0,0
"148","2015-02-26T00:00:00",114,11.4
"149","2015-02-27T00:00:00",0,0
"150","2015-02-28T00:00:00",0,0
"151","2015-03-01T00:00:00",0,0
"152","2015-03-02T00:00:00",0,0
"153","2015-03-03T00:00:00",0,0
"154","2015-03-04T00:00:00",76,7.6
"155","2015-03-05T00:00:00",10,1
"156","2015-03-06T00:00:00",104,10.4
"157","2015-03-07T00:00:00",0,0
"158","2015-03-08T00:00:00",0,0
"159","2015-03-09T00:00:00",15,1.5
"160","2015-03-10T00:00:00",56,5.6
"161","2015-03-11T00:00:00",20,2
"162","2015-03-12T00:00:00",30,3
"163","2015-03-13T00:00:00",5,0.5
"164","2015-03-14T00:00:00",91,9.1
"165","2015-03-15T00:00:00",10,1
"166","2015-03-16T00:00:00",0,0
"167","2015-03-17T00:00:00",0,0
"168","2015-03-18T00:00:00",0,0
"169","2015-03-19T00:00:00",23,2.3
"170","2015-03-20T00:00:00",84,8.4
"171","2015-03-21T00:00:00",0,0
"172","2015-03-22T00:00:00",0,0
"173","2015-03-23T00:00:00",104,10.4
"174","2015-03-24T00:00:00",0,0
"175","2015-03-25T00:00:00",0,0
"176","2015-03-26T00:00:00",36,3.6
"177","2015-03-27T00:00:00",46,4.6
"178","2015-03-28T00:00:00",0,0
"179","2015-03-29T00:00:00",0,0
"180","2015-03-30T00:00:00",127,12.7
"181","2015-03-31T00:00:00",0,0
"182","2015-04-01T00:00:00",0,0
"183","2015-04-02T00:00:00",0,0
"184","2015-04-03T00:00:00",15,1.5
"185","2015-04-04T00:00:00",173,17.3
"186","2015-04-05T00:00:00",0,0
"187","2015-04-06T00:00:00",0,0
"188","2015-04-07T00:00:00",229,22.9
"189","2015-04-08T00:00:00",46,4.6
"190","2015-04-09T00:00:00",0,0
"191","2015-04-10T00:00:00",0,0
"192","2015-04-11T00:00:00",66,6.6
"193","2015-04-12T00:00:00",0,0
"194","2015-04-13T00:00:00",3,0.3
"195","2015-04-14T00:00:00",145,14.5
"196","2015-04-15T00:00:00",38,3.8
"197","2015-04-16T00:00:00",165,16.5
"198","2015-04-17T00:00:00",41,4.1
"199","2015-04-18T00:00:00",30,3
"200","2015-04-19T00:00:00",102,10.2
"201","2015-04-20T00:00:00",277,27.7
"202","2015-04-21T00:00:00",41,4.1
"203","2015-04-22T00:00:00",0,0
"204","2015-04-23T00:00:00",3,0.3
"205","2015-04-24T00:00:00",0,0
"206","2015-04-25T00:00:00",38,3.8
"207","2015-04-26T00:00:00",56,5.6
"208","2015-04-27T00:00:00",0,0
"209","2015-04-28T00:00:00",0,0
"210","2015-04-29T00:00:00",0,0
"211","2015-04-30T00:00:00",0,0
"212","2015-05-01T00:00:00",20,2
"213","2015-05-02T00:00:00",0,0
"214","2015-05-03T00:00:00",0,0
"215","2015-05-04T00:00:00",0,0
"216","2015-05-05T00:00:00",0,0
"217","2015-05-06T00:00:00",0,0
"218","2015-05-07T00:00:00",0,0
"219","2015-05-08T00:00:00",0,0
"220","2015-05-09T00:00:00",130,13
"221","2015-05-10T00:00:00",0,0
"222","2015-05-11T00:00:00",10,1
"223","2015-05-12T00:00:00",56,5.6
"224","2015-05-13T00:00:00",0,0
"225","2015-05-14T00:00:00",0,0
"226","2015-05-15T00:00:00",0,0
"227","2015-05-16T00:00:00",0,0
"228","2015-05-17T00:00:00",5,0.5
"229","2015-05-18T00:00:00",0,0
"230","2015-05-19T00:00:00",8,0.8
"231","2015-05-20T00:00:00",0,0
"232","2015-05-21T00:00:00",3,0.3
"233","2015-05-22T00:00:00",0,0
"234","2015-05-23T00:00:00",0,0
"235","2015-05-24T00:00:00",0,0
"236","2015-05-25T00:00:00",0,0
"237","2015-05-26T00:00:00",130,13
"238","2015-05-27T00:00:00",66,6.6
"239","2015-05-28T00:00:00",0,0
"240","2015-05-29T00:00:00",10,1
"241","2015-05-30T00:00:00",0,0
"242","2015-05-31T00:00:00",3,0.3
"243","2015-06-01T00:00:00",25,2.5
"244","2015-06-02T00:00:00",241,24.1
"245","2015-06-03T00:00:00",150,15
"246","2015-06-04T00:00:00",53,5.3
"247","2015-06-05T00:00:00",71,7.1
"248","2015-06-06T00:00:00",0,0
"249","2015-06-07T00:00:00",0,0
"250","2015-06-08T00:00:00",0,0
"251","2015-06-09T00:00:00",244,24.4
"252","2015-06-10T00:00:00",0,0
"253","2015-06-11T00:00:00",0,0
"254","2015-06-12T00:00:00",13,1.3
"255","2015-06-13T00:00:00",132,13.2
"256","2015-06-14T00:00:00",0,0
"257","2015-06-15T00:00:00",0,0
"258","2015-06-16T00:00:00",0,0
"259","2015-06-17T00:00:00",0,0
"260","2015-06-18T00:00:00",523,52.3
"261","2015-06-19T00:00:00",3,0.3
"262","2015-06-20T00:00:00",25,2.5
"263","2015-06-21T00:00:00",18,1.8
"264","2015-06-22T00:00:00",0,0
"265","2015-06-23T00:00:00",0,0
"266","2015-06-24T00:00:00",0,0
"267","2015-06-25T00:00:00",0,0
"268","2015-06-26T00:00:00",0,0
"269","2015-06-27T00:00:00",36,3.6
"270","2015-06-28T00:00:00",56,5.6
"271","2015-06-29T00:00:00",0,0
"272","2015-06-30T00:00:00",0,0
"273","2015-07-01T00:00:00",18,1.8
"274","2015-07-02T00:00:00",64,6.4
"275","2015-07-03T00:00:00",254,25.4
"276","2015-07-04T00:00:00",279,27.9
"277","2015-07-05T00:00:00",165,16.5
"278","2015-07-06T00:00:00",38,3.8
"279","2015-07-07T00:00:00",0,0
"280","2015-07-08T00:00:00",0,0
"281","2015-07-09T00:00:00",5,0.5
"282","2015-07-10T00:00:00",0,0
"283","2015-07-11T00:00:00",0,0
"284","2015-07-12T00:00:00",0,0
"285","2015-07-13T00:00:00",0,0
"286","2015-07-14T00:00:00",0,0
"287","2015-07-15T00:00:00",307,30.7
"288","2015-07-16T00:00:00",0,0
"289","2015-07-17T00:00:00",0,0
"290","2015-07-18T00:00:00",0,0
"291","2015-07-19T00:00:00",0,0
"292","2015-07-20T00:00:00",0,0
"293","2015-07-21T00:00:00",84,8.4
"294","2015-07-22T00:00:00",0,0
"295","2015-07-23T00:00:00",0,0
"296","2015-07-24T00:00:00",28,2.8
"297","2015-07-25T00:00:00",0,0
"298","2015-07-26T00:00:00",0,0
"299","2015-07-27T00:00:00",0,0
"300","2015-07-28T00:00:00",0,0
"301","2015-07-29T00:00:00",0,0
"302","2015-07-30T00:00:00",0,0
"303","2015-07-31T00:00:00",5,0.5
"304","2015-08-01T00:00:00",0,0
"305","2015-08-02T00:00:00",0,0
"306","2015-08-03T00:00:00",0,0
"307","2015-08-04T00:00:00",0,0
"308","2015-08-05T00:00:00",0,0
"309","2015-08-06T00:00:00",0,0
"310","2015-08-07T00:00:00",66,6.6
"311","2015-08-08T00:00:00",13,1.3
"312","2015-08-09T00:00:00",0,0
"313","2015-08-10T00:00:00",0,0
"314","2015-08-11T00:00:00",30,3
"315","2015-08-12T00:00:00",0,0
"316","2015-08-13T00:00:00",0,0
"317","2015-08-14T00:00:00",99,9.9
"318","2015-08-15T00:00:00",343,34.3
"319","2015-08-16T00:00:00",5,0.5
"320","2015-08-17T00:00:00",0,0
"321","2015-08-18T00:00:00",61,6.1
"322","2015-08-19T00:00:00",142,14.2
"323","2015-08-20T00:00:00",104,10.4
"324","2015-08-21T00:00:00",5,0.5
"325","2015-08-22T00:00:00",5,0.5
"326","2015-08-23T00:00:00",15,1.5
"327","2015-08-24T00:00:00",13,1.3
"328","2015-08-25T00:00:00",0,0
"329","2015-08-26T00:00:00",0,0
"330","2015-08-27T00:00:00",0,0
"331","2015-08-28T00:00:00",0,0
"332","2015-08-29T00:00:00",0,0
"333","2015-08-30T00:00:00",0,0
"334","2015-08-31T00:00:00",28,2.8
"335","2015-09-01T00:00:00",0,0
"336","2015-09-02T00:00:00",15,1.5
"337","2015-09-03T00:00:00",3,0.3
"338","2015-09-04T00:00:00",3,0.3
"339","2015-09-05T00:00:00",5,0.5
"340","2015-09-06T00:00:00",0,0
"341","2015-09-07T00:00:00",0,0
"342","2015-09-08T00:00:00",5,0.5
"343","2015-09-09T00:00:00",0,0
"344","2015-09-10T00:00:00",38,3.8
"345","2015-09-11T00:00:00",0,0
"346","2015-09-12T00:00:00",8,0.8
"347","2015-09-13T00:00:00",0,0
"348","2015-09-14T00:00:00",0,0
"349","2015-09-15T00:00:00",0,0
"350","2015-09-16T00:00:00",0,0
"351","2015-09-17T00:00:00",0,0
"352","2015-09-18T00:00:00",0,0
"353","2015-09-19T00:00:00",0,0
"354","2015-09-20T00:00:00",0,0
"355","2015-09-21T00:00:00",0,0
"356","2015-09-22T00:00:00",0,0
"357","2015-09-23T00:00:00",0,0
"358","2015-09-24T00:00:00",0,0
"359","2015-09-25T00:00:00",157,15.7
"360","2015-09-26T00:00:00",340,34
"361","2015-09-27T00:00:00",5,0.5
"362","2015-09-28T00:00:00",0,0
"363","2015-09-29T00:00:00",76,7.6
"364","2015-09-30T00:00:00",333,33.3
"365","2015-09-30T00:00:00",333,33.3
"366","2015-10-01T00:00:00",0,0
"367","2015-10-02T00:00:00",318,31.8
"368","2015-10-03T00:00:00",191,19.1
"369","2015-10-04T00:00:00",279,27.9
"370","2015-10-05T00:00:00",3,0.3
"371","2015-10-06T00:00:00",0,0
"372","2015-10-07T00:00:00",0,0
"373","2015-10-08T00:00:00",0,0
"374","2015-10-09T00:00:00",0,0
"375","2015-10-10T00:00:00",109,10.9
"376","2015-10-11T00:00:00",142,14.2
"377","2015-10-12T00:00:00",0,0
"378","2015-10-13T00:00:00",150,15
"379","2015-10-14T00:00:00",0,0
"380","2015-10-15T00:00:00",0,0
"381","2015-10-16T00:00:00",0,0
"382","2015-10-17T00:00:00",0,0
"383","2015-10-18T00:00:00",0,0
"384","2015-10-19T00:00:00",0,0
"385","2015-10-20T00:00:00",0,0
"386","2015-10-21T00:00:00",0,0
"387","2015-10-22T00:00:00",0,0
"388","2015-10-23T00:00:00",0,0
"389","2015-10-24T00:00:00",0,0
"390","2015-10-25T00:00:00",0,0
"391","2015-10-26T00:00:00",13,1.3
"392","2015-10-27T00:00:00",81,8.1
"393","2015-10-28T00:00:00",61,6.1
"394","2015-10-29T00:00:00",25,2.5
"395","2015-10-30T00:00:00",10,1
"396","2015-10-31T00:00:00",0,0
"397","2015-11-01T00:00:00",51,5.1
"398","2015-11-02T00:00:00",315,31.5
"399","2015-11-03T00:00:00",157,15.7
"400","2015-11-04T00:00:00",0,0
"401","2015-11-05T00:00:00",0,0
"402","2015-11-06T00:00:00",20,2
"403","2015-11-07T00:00:00",81,8.1
"404","2015-11-08T00:00:00",25,2.5
"405","2015-11-09T00:00:00",340,34
"406","2015-11-10T00:00:00",81,8.1
"407","2015-11-11T00:00:00",0,0
"408","2015-11-12T00:00:00",3,0.3
"409","2015-11-13T00:00:00",3,0.3
"410","2015-11-14T00:00:00",0,0
"411","2015-11-15T00:00:00",0,0
"412","2015-11-16T00:00:00",0,0
"413","2015-11-17T00:00:00",0,0
"414","2015-11-18T00:00:00",10,1
"415","2015-11-19T00:00:00",500,50
"416","2015-11-20T00:00:00",0,0
"417","2015-11-21T00:00:00",0,0
"418","2015-11-22T00:00:00",0,0
"419","2015-11-23T00:00:00",0,0
"420","2015-11-24T00:00:00",0,0
"421","2015-11-25T00:00:00",0,0
"422","2015-11-26T00:00:00",0,0
"423","2015-11-27T00:00:00",0,0
"424","2015-11-28T00:00:00",0,0
"425","2015-11-29T00:00:00",0,0
"426","2015-11-30T00:00:00",378,37.8
"427","2015-12-01T00:00:00",168,16.8
"428","2015-12-02T00:00:00",622,62.2
"429","2015-12-03T00:00:00",71,7.1
"430","2015-12-04T00:00:00",0,0
"431","2015-12-05T00:00:00",0,0
"432","2015-12-06T00:00:00",0,0
"433","2015-12-07T00:00:00",0,0
"434","2015-12-08T00:00:00",0,0
"435","2015-12-09T00:00:00",0,0
"436","2015-12-10T00:00:00",0,0
"437","2015-12-11T00:00:00",0,0
"438","2015-12-12T00:00:00",0,0
"439","2015-12-13T00:00:00",0,0
"440","2015-12-14T00:00:00",13,1.3
"441","2015-12-15T00:00:00",48,4.8
"442","2015-12-16T00:00:00",0,0
"443","2015-12-17T00:00:00",84,8.4
"444","2015-12-18T00:00:00",25,2.5
"445","2015-12-19T00:00:00",0,0
"446","2015-12-20T00:00:00",0,0
"447","2015-12-21T00:00:00",0,0
"448","2015-12-22T00:00:00",152,15.2
"449","2015-12-23T00:00:00",8,0.8
"450","2015-12-24T00:00:00",869,86.9
"451","2015-12-25T00:00:00",470,47
"452","2015-12-26T00:00:00",178,17.8
"453","2015-12-27T00:00:00",25,2.5
"454","2015-12-28T00:00:00",58,5.8
"455","2015-12-29T00:00:00",478,47.8
"456","2015-12-30T00:00:00",5,0.5
"457","2015-12-31T00:00:00",165,16.5
"458","2016-01-01T00:00:00",0,0
"459","2016-01-02T00:00:00",0,0
"460","2016-01-03T00:00:00",0,0
"461","2016-01-04T00:00:00",0,0
"462","2016-01-05T00:00:00",0,0
"463","2016-01-06T00:00:00",0,0
"464","2016-01-07T00:00:00",0,0
"465","2016-01-08T00:00:00",33,3.3
"466","2016-01-09T00:00:00",0,0
"467","2016-01-10T00:00:00",64,6.4
"468","2016-01-11T00:00:00",0,0
"469","2016-01-12T00:00:00",0,0
"470","2016-01-13T00:00:00",0,0
"471","2016-01-14T00:00:00",0,0
"472","2016-01-15T00:00:00",0,0
"473","2016-01-16T00:00:00",330,33
"474","2016-01-17T00:00:00",0,0
"475","2016-01-18T00:00:00",0,0
"476","2016-01-19T00:00:00",0,0
"477","2016-01-20T00:00:00",0,0
"478","2016-01-21T00:00:00",89,8.9
"479","2016-01-22T00:00:00",305,30.5
"480","2016-01-23T00:00:00",66,6.6
"481","2016-01-24T00:00:00",0,0
"482","2016-01-25T00:00:00",0,0
"483","2016-01-26T00:00:00",0,0
"484","2016-01-27T00:00:00",46,4.6
"485","2016-01-28T00:00:00",0,0
"486","2016-01-29T00:00:00",0,0
"487","2016-01-30T00:00:00",0,0
"488","2016-01-31T00:00:00",0,0
"489","2016-02-01T00:00:00",0,0
"490","2016-02-02T00:00:00",0,0
"491","2016-02-03T00:00:00",305,30.5
"492","2016-02-04T00:00:00",104,10.4
"493","2016-02-05T00:00:00",0,0
"494","2016-02-06T00:00:00",0,0
"495","2016-02-07T00:00:00",0,0
"496","2016-02-08T00:00:00",0,0
"497","2016-02-09T00:00:00",0,0
"498","2016-02-10T00:00:00",0,0
"499","2016-02-11T00:00:00",0,0
"500","2016-02-12T00:00:00",0,0
"501","2016-02-13T00:00:00",0,0
"502","2016-02-14T00:00:00",0,0
"503","2016-02-15T00:00:00",0,0
"504","2016-02-16T00:00:00",157,15.7
"505","2016-02-17T00:00:00",41,4.1
"506","2016-02-18T00:00:00",0,0
"507","2016-02-19T00:00:00",0,0
"508","2016-02-20T00:00:00",0,0
"509","2016-02-21T00:00:00",25,2.5
"510","2016-02-22T00:00:00",53,5.3
"511","2016-02-23T00:00:00",257,25.7
"512","2016-02-24T00:00:00",292,29.2
"513","2016-02-25T00:00:00",140,14
"514","2016-02-26T00:00:00",3,0.3
"515","2016-02-27T00:00:00",0,0
"516","2016-02-28T00:00:00",0,0
"517","2016-02-29T00:00:00",0,0
"518","2016-03-01T00:00:00",0,0
"519","2016-03-02T00:00:00",109,10.9
"520","2016-03-03T00:00:00",0,0
"521","2016-03-04T00:00:00",20,2
"522","2016-03-05T00:00:00",0,0
"523","2016-03-06T00:00:00",13,1.3
"524","2016-03-07T00:00:00",0,0
"525","2016-03-08T00:00:00",0,0
"526","2016-03-09T00:00:00",0,0
"527","2016-03-10T00:00:00",0,0
"528","2016-03-11T00:00:00",0,0
"529","2016-03-12T00:00:00",0,0
"530","2016-03-13T00:00:00",28,2.8
"531","2016-03-14T00:00:00",41,4.1
"532","2016-03-15T00:00:00",46,4.6
"533","2016-03-16T00:00:00",0,0
"534","2016-03-17T00:00:00",0,0
"535","2016-03-18T00:00:00",0,0
"536","2016-03-19T00:00:00",0,0
"537","2016-03-20T00:00:00",0,0
"538","2016-03-21T00:00:00",15,1.5
"539","2016-03-22T00:00:00",0,0
"540","2016-03-23T00:00:00",0,0
"541","2016-03-24T00:00:00",0,0
"542","2016-03-25T00:00:00",38,3.8
"543","2016-03-26T00:00:00",0,0
"544","2016-03-27T00:00:00",5,0.5
"545","2016-03-28T00:00:00",10,1
"546","2016-03-29T00:00:00",0,0
"547","2016-03-30T00:00:00",0,0
"548","2016-03-31T00:00:00",0,0
"549","2016-04-01T00:00:00",239,23.9
"550","2016-04-02T00:00:00",0,0
"551","2016-04-03T00:00:00",0,0
"552","2016-04-04T00:00:00",0,0
"553","2016-04-05T00:00:00",0,0
"554","2016-04-06T00:00:00",0,0
"555","2016-04-07T00:00:00",155,15.5
"556","2016-04-08T00:00:00",5,0.5
"557","2016-04-09T00:00:00",0,0
"558","2016-04-10T00:00:00",0,0
"559","2016-04-11T00:00:00",0,0
"560","2016-04-12T00:00:00",20,2
"561","2016-04-13T00:00:00",8,0.8
"562","2016-04-14T00:00:00",0,0
"563","2016-04-15T00:00:00",0,0
"564","2016-04-16T00:00:00",0,0
"565","2016-04-17T00:00:00",0,0
"566","2016-04-18T00:00:00",0,0
"567","2016-04-19T00:00:00",0,0
"568","2016-04-20T00:00:00",0,0
"569","2016-04-21T00:00:00",0,0
"570","2016-04-22T00:00:00",25,2.5
"571","2016-04-23T00:00:00",127,12.7
"572","2016-04-24T00:00:00",0,0
"573","2016-04-25T00:00:00",0,0
"574","2016-04-26T00:00:00",0,0
"575","2016-04-27T00:00:00",0,0
"576","2016-04-28T00:00:00",0,0
"577","2016-04-29T00:00:00",0,0
"578","2016-04-30T00:00:00",0,0
"579","2016-05-01T00:00:00",140,14
"580","2016-05-02T00:00:00",13,1.3
"581","2016-05-03T00:00:00",170,17
"582","2016-05-04T00:00:00",18,1.8
"583","2016-05-05T00:00:00",13,1.3
"584","2016-05-06T00:00:00",5,0.5
"585","2016-05-07T00:00:00",0,0
"586","2016-05-08T00:00:00",0,0
"587","2016-05-09T00:00:00",0,0
"588","2016-05-10T00:00:00",0,0
"589","2016-05-11T00:00:00",0,0
"590","2016-05-12T00:00:00",0,0
"591","2016-05-13T00:00:00",84,8.4
"592","2016-05-14T00:00:00",0,0
"593","2016-05-15T00:00:00",0,0
"594","2016-05-16T00:00:00",0,0
"595","2016-05-17T00:00:00",5,0.5
"596","2016-05-18T00:00:00",25,2.5
"597","2016-05-19T00:00:00",0,0
"598","2016-05-20T00:00:00",5,0.5
"599","2016-05-21T00:00:00",64,6.4
"600","2016-05-22T00:00:00",0,0
"601","2016-05-23T00:00:00",0,0
"602","2016-05-24T00:00:00",0,0
"603","2016-05-25T00:00:00",0,0
"604","2016-05-26T00:00:00",0,0
"605","2016-05-27T00:00:00",0,0
"606","2016-05-28T00:00:00",25,2.5
"607","2016-05-29T00:00:00",0,0
"608","2016-05-30T00:00:00",0,0
"609","2016-05-31T00:00:00",91,9.1
"610","2016-06-01T00:00:00",5,0.5
"611","2016-06-02T00:00:00",8,0.8
"612","2016-06-03T00:00:00",18,1.8
"613","2016-06-04T00:00:00",8,0.8
"614","2016-06-05T00:00:00",25,2.5
"615","2016-06-06T00:00:00",127,12.7
"616","2016-06-07T00:00:00",0,0
"617","2016-06-08T00:00:00",0,0
"618","2016-06-09T00:00:00",0,0
"619","2016-06-10T00:00:00",0,0
"620","2016-06-11T00:00:00",0,0
"621","2016-06-12T00:00:00",0,0
"622","2016-06-13T00:00:00",0,0
"623","2016-06-14T00:00:00",0,0
"624","2016-06-15T00:00:00",53,5.3
"625","2016-06-16T00:00:00",10,1
"626","2016-06-17T00:00:00",0,0
"627","2016-06-18T00:00:00",0,0
"628","2016-06-19T00:00:00",0,0
"629","2016-06-20T00:00:00",0,0
"630","2016-06-21T00:00:00",0,0
"631","2016-06-22T00:00:00",0,0
"632","2016-06-23T00:00:00",0,0
"633","2016-06-24T00:00:00",56,5.6
"634","2016-06-25T00:00:00",3,0.3
"635","2016-06-26T00:00:00",0,0
"636","2016-06-27T00:00:00",74,7.4
"637","2016-06-28T00:00:00",25,2.5
"638","2016-06-29T00:00:00",0,0
"639","2016-06-30T00:00:00",0,0
"640","2016-07-01T00:00:00",0,0
"641","2016-07-02T00:00:00",0,0
"642","2016-07-03T00:00:00",0,0
"643","2016-07-04T00:00:00",0,0
"644","2016-07-05T00:00:00",0,0
"645","2016-07-06T00:00:00",127,12.7
"646","2016-07-07T00:00:00",104,10.4
"647","2016-07-08T00:00:00",64,6.4
"648","2016-07-09T00:00:00",76,7.6
"649","2016-07-10T00:00:00",0,0
"650","2016-07-11T00:00:00",0,0
"651","2016-07-12T00:00:00",15,1.5
"652","2016-07-13T00:00:00",10,1
"653","2016-07-14T00:00:00",0,0
"654","2016-07-15T00:00:00",5,0.5
"655","2016-07-16T00:00:00",127,12.7
"656","2016-07-17T00:00:00",51,5.1
"657","2016-07-18T00:00:00",0,0
"658","2016-07-19T00:00:00",10,1
"659","2016-07-20T00:00:00",249,24.9
"660","2016-07-21T00:00:00",0,0
"661","2016-07-22T00:00:00",25,2.5
"662","2016-07-23T00:00:00",8,0.8
"663","2016-07-24T00:00:00",28,2.8
"664","2016-07-25T00:00:00",0,0
"665","2016-07-26T00:00:00",15,1.5
"666","2016-07-27T00:00:00",97,9.7
"667","2016-07-28T00:00:00",0,0
"668","2016-07-29T00:00:00",79,7.9
"669","2016-07-30T00:00:00",0,0
"670","2016-07-31T00:00:00",10,1
"671","2016-08-01T00:00:00",10,1
"672","2016-08-02T00:00:00",89,8.9
"673","2016-08-03T00:00:00",345,34.5
"674","2016-08-04T00:00:00",0,0
"675","2016-08-05T00:00:00",3,0.3
"676","2016-08-06T00:00:00",25,2.5
"677","2016-08-07T00:00:00",0,0
"678","2016-08-08T00:00:00",122,12.2
"679","2016-08-09T00:00:00",28,2.8
"680","2016-08-10T00:00:00",23,2.3
"681","2016-08-11T00:00:00",64,6.4
"682","2016-08-12T00:00:00",8,0.8
"683","2016-08-13T00:00:00",18,1.8
"684","2016-08-14T00:00:00",0,0
"685","2016-08-15T00:00:00",0,0
"686","2016-08-16T00:00:00",0,0
"687","2016-08-17T00:00:00",0,0
"688","2016-08-18T00:00:00",30,3
"689","2016-08-19T00:00:00",15,1.5
"690","2016-08-20T00:00:00",107,10.7
"691","2016-08-21T00:00:00",84,8.4
"692","2016-08-22T00:00:00",36,3.6
"693","2016-08-23T00:00:00",0,0
"694","2016-08-24T00:00:00",0,0
"695","2016-08-25T00:00:00",0,0
"696","2016-08-26T00:00:00",0,0
"697","2016-08-27T00:00:00",0,0
"698","2016-08-28T00:00:00",0,0
"699","2016-08-29T00:00:00",5,0.5
"700","2016-08-30T00:00:00",0,0
"701","2016-08-31T00:00:00",0,0
"702","2016-09-01T00:00:00",277,27.7
"703","2016-09-02T00:00:00",23,2.3
"704","2016-09-03T00:00:00",3,0.3
"705","2016-09-04T00:00:00",0,0
"706","2016-09-05T00:00:00",0,0
"707","2016-09-06T00:00:00",0,0
"708","2016-09-07T00:00:00",0,0
"709","2016-09-08T00:00:00",0,0
"710","2016-09-09T00:00:00",0,0
"711","2016-09-10T00:00:00",0,0
"712","2016-09-11T00:00:00",30,3
"713","2016-09-12T00:00:00",0,0
"714","2016-09-13T00:00:00",0,0
"715","2016-09-14T00:00:00",0,0
"716","2016-09-15T00:00:00",0,0
"717","2016-09-16T00:00:00",0,0
"718","2016-09-17T00:00:00",5,0.5
"719","2016-09-18T00:00:00",0,0
"720","2016-09-19T00:00:00",53,5.3
"721","2016-09-20T00:00:00",0,0
"722","2016-09-21T00:00:00",0,0
"723","2016-09-22T00:00:00",0,0
"724","2016-09-23T00:00:00",0,0
"725","2016-09-24T00:00:00",0,0
"726","2016-09-25T00:00:00",0,0
"727","2016-09-26T00:00:00",0,0
"728","2016-09-27T00:00:00",56,5.6
"729","2016-09-28T00:00:00",71,7.1
"730","2016-09-30T00:00:00",0,0
"731","2016-10-01T00:00:00",0,0
"732","2016-10-02T00:00:00",0,0
"733","2016-10-03T00:00:00",0,0
"734","2016-10-04T00:00:00",0,0
"735","2016-10-05T00:00:00",0,0
"736","2016-10-06T00:00:00",0,0
"737","2016-10-07T00:00:00",0,0
"738","2016-10-08T00:00:00",25,2.5
"739","2016-10-09T00:00:00",0,0
"740","2016-10-10T00:00:00",0,0
"741","2016-10-11T00:00:00",0,0
"742","2016-10-12T00:00:00",0,0
"743","2016-10-13T00:00:00",0,0
"744","2016-10-14T00:00:00",0,0
"745","2016-10-15T00:00:00",0,0
"746","2016-10-16T00:00:00",0,0
"747","2016-10-17T00:00:00",0,0
"748","2016-10-18T00:00:00",0,0
"749","2016-10-19T00:00:00",0,0
"750","2016-10-20T00:00:00",0,0
"751","2016-10-21T00:00:00",25,2.5
"752","2016-10-22T00:00:00",0,0
"753","2016-10-23T00:00:00",0,0
"754","2016-10-24T00:00:00",0,0
"755","2016-10-25T00:00:00",0,0
"756","2016-10-26T00:00:00",0,0
"757","2016-10-27T00:00:00",0,0
"758","2016-10-28T00:00:00",3,0.3
"759","2016-10-29T00:00:00",0,0
"760","2016-10-30T00:00:00",0,0
"761","2016-10-31T00:00:00",0,0
"762","2016-11-01T00:00:00",0,0
"763","2016-11-02T00:00:00",0,0
"764","2016-11-03T00:00:00",0,0
"765","2016-11-04T00:00:00",3,0.3
"766","2016-11-05T00:00:00",0,0
"767","2016-11-06T00:00:00",0,0
"768","2016-11-07T00:00:00",0,0
"769","2016-11-08T00:00:00",0,0
"770","2016-11-09T00:00:00",0,0
"771","2016-11-10T00:00:00",0,0
"772","2016-11-11T00:00:00",0,0
"773","2016-11-12T00:00:00",0,0
"774","2016-11-13T00:00:00",0,0
"775","2016-11-14T00:00:00",0,0
"776","2016-11-15T00:00:00",0,0
"777","2016-11-16T00:00:00",0,0
"778","2016-11-17T00:00:00",0,0
"779","2016-11-18T00:00:00",0,0
"780","2016-11-19T00:00:00",0,0
"781","2016-11-20T00:00:00",0,0
"782","2016-11-21T00:00:00",0,0
"783","2016-11-22T00:00:00",0,0
"784","2016-11-23T00:00:00",0,0
"785","2016-11-24T00:00:00",53,5.3
"786","2016-11-25T00:00:00",3,0.3
"787","2016-11-26T00:00:00",0,0
"788","2016-11-27T00:00:00",0,0
"789","2016-11-28T00:00:00",0,0
"790","2016-11-29T00:00:00",185,18.5
"791","2016-11-30T00:00:00",86,8.6
"792","2016-12-01T00:00:00",168,16.8
"793","2016-12-02T00:00:00",0,0
"794","2016-12-03T00:00:00",0,0
"795","2016-12-04T00:00:00",185,18.5
"796","2016-12-05T00:00:00",257,25.7
"797","2016-12-06T00:00:00",132,13.2
"798","2016-12-07T00:00:00",104,10.4
"799","2016-12-08T00:00:00",0,0
"800","2016-12-09T00:00:00",0,0
"801","2016-12-10T00:00:00",0,0
"802","2016-12-11T00:00:00",0,0
"803","2016-12-12T00:00:00",18,1.8
"804","2016-12-13T00:00:00",81,8.1
"805","2016-12-14T00:00:00",15,1.5
"806","2016-12-15T00:00:00",0,0
"807","2016-12-16T00:00:00",0,0
"808","2016-12-17T00:00:00",8,0.8
"809","2016-12-18T00:00:00",56,5.6
"810","2016-12-19T00:00:00",25,2.5
"811","2016-12-20T00:00:00",0,0
"812","2016-12-21T00:00:00",0,0
"813","2016-12-22T00:00:00",0,0
"814","2016-12-23T00:00:00",0,0
"815","2016-12-24T00:00:00",0,0
"816","2016-12-25T00:00:00",18,1.8
"817","2016-12-26T00:00:00",3,0.3
"818","2016-12-27T00:00:00",8,0.8
"819","2016-12-28T00:00:00",28,2.8
"820","2016-12-29T00:00:00",109,10.9
"821","2016-12-30T00:00:00",23,2.3
"822","2016-12-31T00:00:00",0,0
"823","2017-01-01T00:00:00",69,6.9
"824","2017-01-02T00:00:00",152,15.2
"825","2017-01-03T00:00:00",109,10.9
"826","2017-01-04T00:00:00",0,0
"827","2017-01-05T00:00:00",0,0
"828","2017-01-06T00:00:00",0,0
"829","2017-01-07T00:00:00",107,10.7
"830","2017-01-08T00:00:00",0,0
"831","2017-01-09T00:00:00",0,0
"832","2017-01-10T00:00:00",0,0
"833","2017-01-11T00:00:00",41,4.1
"834","2017-01-12T00:00:00",3,0.3
"835","2017-01-13T00:00:00",0,0
"836","2017-01-14T00:00:00",0,0
"837","2017-01-15T00:00:00",0,0
"838","2017-01-16T00:00:00",0,0
"839","2017-01-17T00:00:00",5,0.5
"840","2017-01-18T00:00:00",5,0.5
"841","2017-01-19T00:00:00",0,0
"842","2017-01-20T00:00:00",30,3
"843","2017-01-21T00:00:00",20,2
"844","2017-01-22T00:00:00",74,7.4
"845","2017-01-23T00:00:00",102,10.2
"846","2017-01-24T00:00:00",13,1.3
"847","2017-01-25T00:00:00",0,0
"848","2017-01-26T00:00:00",36,3.6
"849","2017-01-27T00:00:00",0,0
"850","2017-01-28T00:00:00",0,0
"851","2017-01-29T00:00:00",0,0
"852","2017-01-30T00:00:00",10,1
"853","2017-01-31T00:00:00",0,0
"854","2017-02-01T00:00:00",0,0
"855","2017-02-02T00:00:00",0,0
"856","2017-02-03T00:00:00",10,1
"857","2017-02-04T00:00:00",0,0
"858","2017-02-05T00:00:00",5,0.5
"859","2017-02-06T00:00:00",0,0
"860","2017-02-07T00:00:00",8,0.8
"861","2017-02-08T00:00:00",66,6.6
"862","2017-02-09T00:00:00",102,10.2
"863","2017-02-10T00:00:00",0,0
"864","2017-02-11T00:00:00",0,0
"865","2017-02-12T00:00:00",3,0.3
"866","2017-02-13T00:00:00",0,0
"867","2017-02-14T00:00:00",0,0
"868","2017-02-15T00:00:00",104,10.4
"869","2017-02-16T00:00:00",0,0
"870","2017-02-17T00:00:00",0,0
"871","2017-02-18T00:00:00",0,0
"872","2017-02-19T00:00:00",25,2.5
"873","2017-02-20T00:00:00",0,0
"874","2017-02-21T00:00:00",0,0
"875","2017-02-22T00:00:00",15,1.5
"876","2017-02-23T00:00:00",0,0
"877","2017-02-24T00:00:00",0,0
"878","2017-02-25T00:00:00",53,5.3
"879","2017-02-26T00:00:00",0,0
"880","2017-02-27T00:00:00",0,0
"881","2017-02-28T00:00:00",0,0
"882","2017-03-01T00:00:00",155,15.5
"883","2017-03-02T00:00:00",150,15
"884","2017-03-03T00:00:00",0,0
"885","2017-03-04T00:00:00",0,0
"886","2017-03-05T00:00:00",0,0
"887","2017-03-06T00:00:00",3,0.3
"888","2017-03-07T00:00:00",10,1
"889","2017-03-08T00:00:00",130,13
"890","2017-03-09T00:00:00",0,0
"891","2017-03-10T00:00:00",86,8.6
"892","2017-03-11T00:00:00",0,0
"893","2017-03-12T00:00:00",102,10.2
"894","2017-03-13T00:00:00",0,0
"895","2017-03-14T00:00:00",69,6.9
"896","2017-03-15T00:00:00",5,0.5
"897","2017-03-16T00:00:00",0,0
"898","2017-03-17T00:00:00",0,0
"899","2017-03-18T00:00:00",127,12.7
"900","2017-03-19T00:00:00",25,2.5
"901","2017-03-20T00:00:00",0,0
"902","2017-03-21T00:00:00",0,0
"903","2017-03-22T00:00:00",119,11.9
"904","2017-03-23T00:00:00",0,0
"905","2017-03-24T00:00:00",0,0
"906","2017-03-25T00:00:00",0,0
"907","2017-03-26T00:00:00",79,7.9
"908","2017-03-27T00:00:00",20,2
"909","2017-03-28T00:00:00",279,27.9
"910","2017-03-29T00:00:00",0,0
"911","2017-03-30T00:00:00",0,0
"912","2017-03-31T00:00:00",137,13.7
"913","2017-04-01T00:00:00",0,0
"914","2017-04-02T00:00:00",0,0
"915","2017-04-03T00:00:00",0,0
"916","2017-04-04T00:00:00",170,17
"917","2017-04-05T00:00:00",0,0
"918","2017-04-06T00:00:00",170,17
"919","2017-04-07T00:00:00",28,2.8
"920","2017-04-08T00:00:00",0,0
"921","2017-04-09T00:00:00",0,0
"922","2017-04-10T00:00:00",0,0
"923","2017-04-11T00:00:00",0,0
"924","2017-04-12T00:00:00",0,0
"925","2017-04-13T00:00:00",0,0
"926","2017-04-14T00:00:00",3,0.3
"927","2017-04-15T00:00:00",0,0
"928","2017-04-16T00:00:00",0,0
"929","2017-04-17T00:00:00",0,0
"930","2017-04-18T00:00:00",79,7.9
"931","2017-04-19T00:00:00",38,3.8
"932","2017-04-20T00:00:00",30,3
"933","2017-04-21T00:00:00",0,0
"934","2017-04-22T00:00:00",104,10.4
"935","2017-04-23T00:00:00",358,35.8
"936","2017-04-24T00:00:00",363,36.3
"937","2017-04-25T00:00:00",13,1.3
"938","2017-04-26T00:00:00",0,0
"939","2017-04-27T00:00:00",0,0
"940","2017-04-28T00:00:00",41,4.1
"941","2017-04-29T00:00:00",0,0
"942","2017-04-30T00:00:00",0,0
"943","2017-05-01T00:00:00",51,5.1
"944","2017-05-02T00:00:00",163,16.3
"945","2017-05-03T00:00:00",0,0
"946","2017-05-04T00:00:00",0,0
"947","2017-05-05T00:00:00",147,14.7
"948","2017-05-06T00:00:00",8,0.8
"949","2017-05-07T00:00:00",30,3
"950","2017-05-08T00:00:00",0,0
"951","2017-05-09T00:00:00",0,0
"952","2017-05-10T00:00:00",0,0
"953","2017-05-11T00:00:00",0,0
"954","2017-05-12T00:00:00",0,0
"955","2017-05-13T00:00:00",76,7.6
"956","2017-05-14T00:00:00",25,2.5
"957","2017-05-15T00:00:00",0,0
"958","2017-05-16T00:00:00",0,0
"959","2017-05-17T00:00:00",0,0
"960","2017-05-18T00:00:00",0,0
"961","2017-05-19T00:00:00",0,0
"962","2017-05-20T00:00:00",0,0
"963","2017-05-21T00:00:00",399,39.9
"964","2017-05-22T00:00:00",20,2
"965","2017-05-23T00:00:00",127,12.7
"966","2017-05-24T00:00:00",157,15.7
"967","2017-05-25T00:00:00",46,4.6
"968","2017-05-26T00:00:00",0,0
"969","2017-05-27T00:00:00",0,0
"970","2017-05-28T00:00:00",117,11.7
"971","2017-05-29T00:00:00",0,0
"972","2017-05-30T00:00:00",13,1.3
"973","2017-05-31T00:00:00",0,0
"974","2017-06-01T00:00:00",0,0
"975","2017-06-02T00:00:00",0,0
"976","2017-06-03T00:00:00",0,0
"977","2017-06-04T00:00:00",38,3.8
"978","2017-06-05T00:00:00",71,7.1
"979","2017-06-06T00:00:00",109,10.9
"980","2017-06-07T00:00:00",5,0.5
"981","2017-06-08T00:00:00",160,16
"982","2017-06-09T00:00:00",5,0.5
"983","2017-06-10T00:00:00",0,0
"984","2017-06-11T00:00:00",0,0
"985","2017-06-12T00:00:00",0,0
"986","2017-06-13T00:00:00",38,3.8
"987","2017-06-14T00:00:00",10,1
"988","2017-06-15T00:00:00",18,1.8
"989","2017-06-16T00:00:00",0,0
"990","2017-06-17T00:00:00",0,0
"991","2017-06-18T00:00:00",0,0
"992","2017-06-19T00:00:00",0,0
"993","2017-06-20T00:00:00",130,13
"994","2017-06-21T00:00:00",5,0.5
"995","2017-06-22T00:00:00",56,5.6
"996","2017-06-23T00:00:00",173,17.3
"997","2017-06-24T00:00:00",122,12.2
"998","2017-06-25T00:00:00",28,2.8
"999","2017-06-26T00:00:00",0,0
"1000","2017-06-27T00:00:00",0,0
"1001","2017-06-28T00:00:00",0,0
"1002","2017-06-29T00:00:00",0,0
"1003","2017-06-30T00:00:00",20,2
"1004","2017-07-01T00:00:00",394,39.4
"1005","2017-07-02T00:00:00",20,2
"1006","2017-07-03T00:00:00",0,0
"1007","2017-07-04T00:00:00",5,0.5
"1008","2017-07-05T00:00:00",0,0
"1009","2017-07-06T00:00:00",28,2.8
"1010","2017-07-07T00:00:00",58,5.8
"1011","2017-07-08T00:00:00",25,2.5
"1012","2017-07-09T00:00:00",81,8.1
"1013","2017-07-10T00:00:00",0,0
"1014","2017-07-11T00:00:00",0,0
"1015","2017-07-12T00:00:00",0,0
"1016","2017-07-13T00:00:00",0,0
"1017","2017-07-14T00:00:00",5,0.5
"1018","2017-07-15T00:00:00",64,6.4
"1019","2017-07-16T00:00:00",170,17
"1020","2017-07-17T00:00:00",61,6.1
"1021","2017-07-18T00:00:00",30,3
"1022","2017-07-19T00:00:00",0,0
"1023","2017-07-20T00:00:00",33,3.3
"1024","2017-07-21T00:00:00",58,5.8
"1025","2017-07-22T00:00:00",5,0.5
"1026","2017-07-23T00:00:00",0,0
"1027","2017-07-24T00:00:00",56,5.6
"1028","2017-07-25T00:00:00",0,0
"1029","2017-07-26T00:00:00",0,0
"1030","2017-07-27T00:00:00",0,0
"1031","2017-07-28T00:00:00",38,3.8
"1032","2017-07-29T00:00:00",51,5.1
"1033","2017-07-30T00:00:00",0,0
"1034","2017-07-31T00:00:00",0,0
"1035","2017-08-01T00:00:00",0,0
"1036","2017-08-02T00:00:00",0,0
"1037","2017-08-03T00:00:00",18,1.8
"1038","2017-08-04T00:00:00",0,0
"1039","2017-08-05T00:00:00",41,4.1
"1040","2017-08-06T00:00:00",0,0
"1041","2017-08-07T00:00:00",94,9.4
"1042","2017-08-08T00:00:00",302,30.2
"1043","2017-08-09T00:00:00",18,1.8
"1044","2017-08-10T00:00:00",0,0
"1045","2017-08-11T00:00:00",25,2.5
"1046","2017-08-12T00:00:00",318,31.8
"1047","2017-08-13T00:00:00",10,1
"1048","2017-08-14T00:00:00",0,0
"1049","2017-08-15T00:00:00",10,1
"1050","2017-08-16T00:00:00",3,0.3
"1051","2017-08-17T00:00:00",0,0
"1052","2017-08-18T00:00:00",0,0
"1053","2017-08-19T00:00:00",0,0
"1054","2017-08-20T00:00:00",0,0
"1055","2017-08-21T00:00:00",0,0
"1056","2017-08-22T00:00:00",0,0
"1057","2017-08-23T00:00:00",0,0
"1058","2017-08-24T00:00:00",0,0
"1059","2017-08-25T00:00:00",0,0
"1060","2017-08-26T00:00:00",0,0
"1061","2017-08-27T00:00:00",25,2.5
"1062","2017-08-28T00:00:00",18,1.8
"1063","2017-08-29T00:00:00",0,0
"1064","2017-08-30T00:00:00",0,0
"1065","2017-08-31T00:00:00",66,6.6
"1066","2017-09-01T00:00:00",292,29.2
"1067","2017-09-02T00:00:00",38,3.8
"1068","2017-09-03T00:00:00",0,0
"1069","2017-09-04T00:00:00",0,0
"1070","2017-09-05T00:00:00",0,0
"1071","2017-09-06T00:00:00",117,11.7
"1072","2017-09-07T00:00:00",48,4.8
"1073","2017-09-08T00:00:00",0,0
"1074","2017-09-09T00:00:00",0,0
"1075","2017-09-10T00:00:00",0,0
"1076","2017-09-11T00:00:00",0,0
"1077","2017-09-12T00:00:00",193,19.3
"1078","2017-09-13T00:00:00",18,1.8
"1079","2017-09-14T00:00:00",5,0.5
"1080","2017-09-15T00:00:00",5,0.5
"1081","2017-09-16T00:00:00",0,0
"1082","2017-09-17T00:00:00",0,0
"1083","2017-09-18T00:00:00",0,0
"1084","2017-09-19T00:00:00",0,0
"1085","2017-09-20T00:00:00",0,0
"1086","2017-09-21T00:00:00",0,0
"1087","2017-09-22T00:00:00",3,0.3
"1088","2017-09-23T00:00:00",0,0
"1089","2017-09-24T00:00:00",0,0
"1090","2017-09-25T00:00:00",0,0
"1091","2017-09-26T00:00:00",0,0
"1092","2017-09-27T00:00:00",0,0
"1093","2017-09-28T00:00:00",0,0
"1094","2017-09-29T00:00:00",0,0
"1095","2017-09-30T00:00:00",0,0
"1096","2017-10-01T00:00:00",0,0
"1097","2017-10-02T00:00:00",0,0
"1098","2017-10-03T00:00:00",0,0
"1099","2017-10-04T00:00:00",0,0
"1100","2017-10-05T00:00:00",0,0
"1101","2017-10-06T00:00:00",0,0
"1102","2017-10-07T00:00:00",0,0
"1103","2017-10-08T00:00:00",79,7.9
"1104","2017-10-09T00:00:00",577,57.7
"1105","2017-10-10T00:00:00",5,0.5
"1106","2017-10-11T00:00:00",0,0
"1107","2017-10-12T00:00:00",0,0
"1108","2017-10-13T00:00:00",0,0
"1109","2017-10-14T00:00:00",0,0
"1110","2017-10-15T00:00:00",0,0
"1111","2017-10-16T00:00:00",84,8.4
"1112","2017-10-17T00:00:00",0,0
"1113","2017-10-18T00:00:00",0,0
"1114","2017-10-19T00:00:00",0,0
"1115","2017-10-20T00:00:00",0,0
"1116","2017-10-21T00:00:00",0,0
"1117","2017-10-22T00:00:00",0,0
"1118","2017-10-23T00:00:00",13,1.3
"1119","2017-10-24T00:00:00",505,50.5
"1120","2017-10-25T00:00:00",0,0
"1121","2017-10-26T00:00:00",0,0
"1122","2017-10-27T00:00:00",0,0
"1123","2017-10-28T00:00:00",30,3
"1124","2017-10-29T00:00:00",406,40.6
"1125","2017-10-30T00:00:00",0,0
"1126","2017-10-31T00:00:00",0,0
"1127","2017-11-01T00:00:00",0,0
"1128","2017-11-02T00:00:00",0,0
"1129","2017-11-03T00:00:00",0,0
"1130","2017-11-04T00:00:00",0,0
"1131","2017-11-05T00:00:00",0,0
"1132","2017-11-06T00:00:00",0,0
"1133","2017-11-07T00:00:00",0,0
"1134","2017-11-08T00:00:00",259,25.9
"1135","2017-11-09T00:00:00",8,0.8
"1136","2017-11-10T00:00:00",3,0.3
"1137","2017-11-11T00:00:00",0,0
"1138","2017-11-12T00:00:00",0,0
"1139","2017-11-13T00:00:00",20,2
"1140","2017-11-14T00:00:00",0,0
"1141","2017-11-15T00:00:00",0,0
"1142","2017-11-16T00:00:00",0,0
"1143","2017-11-17T00:00:00",0,0
"1144","2017-11-18T00:00:00",0,0
"1145","2017-11-19T00:00:00",112,11.2
"1146","2017-11-20T00:00:00",0,0
"1147","2017-11-21T00:00:00",0,0
"1148","2017-11-22T00:00:00",0,0
"1149","2017-11-23T00:00:00",0,0
"1150","2017-11-24T00:00:00",0,0
"1151","2017-11-25T00:00:00",0,0
"1152","2017-11-26T00:00:00",0,0
"1153","2017-11-27T00:00:00",0,0
"1154","2017-11-28T00:00:00",0,0
"1155","2017-11-29T00:00:00",0,0
"1156","2017-11-30T00:00:00",0,0
"1157","2017-12-01T00:00:00",10,1
"1158","2017-12-02T00:00:00",0,0
"1159","2017-12-03T00:00:00",0,0
"1160","2017-12-04T00:00:00",0,0
"1161","2017-12-05T00:00:00",0,0
"1162","2017-12-06T00:00:00",119,11.9
"1163","2017-12-07T00:00:00",0,0
"1164","2017-12-08T00:00:00",20,2
"1165","2017-12-09T00:00:00",216,21.6
"1166","2017-12-10T00:00:00",0,0
"1167","2017-12-11T00:00:00",0,0
"1168","2017-12-12T00:00:00",0,0
"1169","2017-12-13T00:00:00",0,0
"1170","2017-12-14T00:00:00",0,0
"1171","2017-12-15T00:00:00",0,0
"1172","2017-12-16T00:00:00",0,0
"1173","2017-12-17T00:00:00",0,0
"1174","2017-12-18T00:00:00",0,0
"1175","2017-12-19T00:00:00",0,0
"1176","2017-12-20T00:00:00",99,9.9
"1177","2017-12-21T00:00:00",117,11.7
"1178","2017-12-22T00:00:00",0,0
"1179","2017-12-23T00:00:00",5,0.5
"1180","2017-12-24T00:00:00",84,8.4
"1181","2017-12-25T00:00:00",0,0
"1182","2017-12-26T00:00:00",0,0
"1183","2017-12-27T00:00:00",0,0
"1184","2017-12-28T00:00:00",0,0
"1185","2017-12-29T00:00:00",0,0
"1186","2017-12-30T00:00:00",0,0
"1187","2017-12-31T00:00:00",0,0
"1188","2018-01-01T00:00:00",0,0
"1189","2018-01-02T00:00:00",0,0
"1190","2018-01-03T00:00:00",0,0
"1191","2018-01-04T00:00:00",0,0
"1192","2018-01-05T00:00:00",0,0
"1193","2018-01-06T00:00:00",0,0
"1194","2018-01-07T00:00:00",0,0
"1195","2018-01-08T00:00:00",0,0
"1196","2018-01-09T00:00:00",13,1.3
"1197","2018-01-10T00:00:00",0,0
"1198","2018-01-11T00:00:00",0,0
"1199","2018-01-12T00:00:00",340,34
"1200","2018-01-13T00:00:00",109,10.9
"1201","2018-01-14T00:00:00",0,0
"1202","2018-01-15T00:00:00",0,0
"1203","2018-01-16T00:00:00",0,0
"1204","2018-01-17T00:00:00",38,3.8
"1205","2018-01-18T00:00:00",3,0.3
"1206","2018-01-19T00:00:00",0,0
"1207","2018-01-20T00:00:00",0,0
"1208","2018-01-21T00:00:00",0,0
"1209","2018-01-22T00:00:00",0,0
"1210","2018-01-23T00:00:00",99,9.9
"1211","2018-01-24T00:00:00",0,0
"1212","2018-01-25T00:00:00",0,0
"1213","2018-01-26T00:00:00",0,0
"1214","2018-01-27T00:00:00",0,0
"1215","2018-01-28T00:00:00",84,8.4
"1216","2018-01-29T00:00:00",97,9.7
"1217","2018-01-30T00:00:00",15,1.5
"1218","2018-01-31T00:00:00",0,0
"1219","2018-02-01T00:00:00",0,0
"1220","2018-02-02T00:00:00",30,3
"1221","2018-02-03T00:00:00",0,0
"1222","2018-02-04T00:00:00",79,7.9
"1223","2018-02-05T00:00:00",117,11.7
"1224","2018-02-06T00:00:00",0,0
"1225","2018-02-07T00:00:00",89,8.9
"1226","2018-02-08T00:00:00",168,16.8
"1227","2018-02-09T00:00:00",0,0
"1228","2018-02-10T00:00:00",76,7.6
"1229","2018-02-11T00:00:00",699,69.9
"1230","2018-02-12T00:00:00",163,16.3
"1231","2018-02-13T00:00:00",28,2.8
"1232","2018-02-14T00:00:00",0,0
"1233","2018-02-15T00:00:00",30,3
"1234","2018-02-16T00:00:00",0,0
"1235","2018-02-17T00:00:00",13,1.3
"1236","2018-02-18T00:00:00",51,5.1
"1237","2018-02-19T00:00:00",5,0.5
"1238","2018-02-20T00:00:00",5,0.5
"1239","2018-02-21T00:00:00",3,0.3
"1240","2018-02-22T00:00:00",56,5.6
"1241","2018-02-23T00:00:00",0,0
"1242","2018-02-24T00:00:00",25,2.5
"1243","2018-02-25T00:00:00",56,5.6
"1244","2018-02-26T00:00:00",71,7.1
"1245","2018-02-27T00:00:00",0,0
"1246","2018-02-28T00:00:00",13,1.3
"1247","2018-03-01T00:00:00",483,48.3
"1248","2018-03-02T00:00:00",127,12.7
"1249","2018-03-03T00:00:00",0,0
"1250","2018-03-04T00:00:00",0,0
"1251","2018-03-05T00:00:00",0,0
"1252","2018-03-06T00:00:00",38,3.8
"1253","2018-03-07T00:00:00",51,5.1
"1254","2018-03-08T00:00:00",0,0
"1255","2018-03-09T00:00:00",0,0
"1256","2018-03-10T00:00:00",0,0
"1257","2018-03-11T00:00:00",51,5.1
"1258","2018-03-12T00:00:00",119,11.9
"1259","2018-03-13T00:00:00",5,0.5
"1260","2018-03-14T00:00:00",0,0
"1261","2018-03-15T00:00:00",0,0
"1262","2018-03-16T00:00:00",0,0
"1263","2018-03-17T00:00:00",5,0.5
"1264","2018-03-18T00:00:00",30,3
"1265","2018-03-19T00:00:00",0,0
"1266","2018-03-20T00:00:00",86,8.6
"1267","2018-03-21T00:00:00",36,3.6
"1268","2018-03-22T00:00:00",0,0
"1269","2018-03-23T00:00:00",0,0
"1270","2018-03-24T00:00:00",3,0.3
"1271","2018-03-25T00:00:00",279,27.9
"1272","2018-03-26T00:00:00",0,0
"1273","2018-03-27T00:00:00",0,0
"1274","2018-03-28T00:00:00",0,0
"1275","2018-03-29T00:00:00",0,0
"1276","2018-03-30T00:00:00",135,13.5
"1277","2018-03-31T00:00:00",0,0
"1278","2018-04-01T00:00:00",0,0
"1279","2018-04-02T00:00:00",0,0
"1280","2018-04-03T00:00:00",0,0
"1281","2018-04-04T00:00:00",66,6.6
"1282","2018-04-05T00:00:00",0,0
"1283","2018-04-06T00:00:00",0,0
"1284","2018-04-07T00:00:00",157,15.7
"1285","2018-04-08T00:00:00",10,1
"1286","2018-04-09T00:00:00",13,1.3
"1287","2018-04-10T00:00:00",0,0
"1288","2018-04-11T00:00:00",0,0
"1289","2018-04-12T00:00:00",0,0
"1290","2018-04-13T00:00:00",0,0
"1291","2018-04-14T00:00:00",0,0
"1292","2018-04-15T00:00:00",3,0.3
"1293","2018-04-16T00:00:00",386,38.6
"1294","2018-04-17T00:00:00",0,0
"1295","2018-04-18T00:00:00",0,0
"1296","2018-04-19T00:00:00",0,0
"1297","2018-04-20T00:00:00",0,0
"1298","2018-04-21T00:00:00",0,0
"1299","2018-04-22T00:00:00",0,0
"1300","2018-04-23T00:00:00",76,7.6
"1301","2018-04-24T00:00:00",246,24.6
"1302","2018-04-25T00:00:00",191,19.1
"1303","2018-04-26T00:00:00",0,0
"1304","2018-04-27T00:00:00",117,11.7
"1305","2018-04-28T00:00:00",0,0
"1306","2018-04-29T00:00:00",0,0
"1307","2018-04-30T00:00:00",0,0
"1308","2018-05-01T00:00:00",0,0
"1309","2018-05-02T00:00:00",0,0
"1310","2018-05-03T00:00:00",0,0
"1311","2018-05-04T00:00:00",0,0
"1312","2018-05-05T00:00:00",0,0
"1313","2018-05-06T00:00:00",81,8.1
"1314","2018-05-07T00:00:00",0,0
"1315","2018-05-08T00:00:00",84,8.4
"1316","2018-05-09T00:00:00",10,1
"1317","2018-05-10T00:00:00",0,0
"1318","2018-05-11T00:00:00",33,3.3
"1319","2018-05-12T00:00:00",51,5.1
"1320","2018-05-13T00:00:00",0,0
"1321","2018-05-14T00:00:00",0,0
"1322","2018-05-15T00:00:00",0,0
"1323","2018-05-16T00:00:00",213,21.3
"1324","2018-05-17T00:00:00",175,17.5
"1325","2018-05-18T00:00:00",246,24.6
"1326","2018-05-19T00:00:00",76,7.6
"1327","2018-05-20T00:00:00",0,0
"1328","2018-05-21T00:00:00",3,0.3
"1329","2018-05-22T00:00:00",0,0
"1330","2018-05-23T00:00:00",76,7.6
"1331","2018-05-24T00:00:00",3,0.3
"1332","2018-05-25T00:00:00",0,0
"1333","2018-05-26T00:00:00",28,2.8
"1334","2018-05-27T00:00:00",150,15
"1335","2018-05-28T00:00:00",8,0.8
"1336","2018-05-29T00:00:00",188,18.8
"1337","2018-05-30T00:00:00",257,25.7
"1338","2018-05-31T00:00:00",224,22.4
"1339","2018-06-01T00:00:00",142,14.2
"1340","2018-06-02T00:00:00",0,0
"1341","2018-06-03T00:00:00",8,0.8
"1342","2018-06-04T00:00:00",10,1
"1343","2018-06-05T00:00:00",0,0
"1344","2018-06-06T00:00:00",0,0
"1345","2018-06-07T00:00:00",0,0
"1346","2018-06-08T00:00:00",0,0
"1347","2018-06-09T00:00:00",43,4.3
"1348","2018-06-10T00:00:00",0,0
"1349","2018-06-11T00:00:00",15,1.5
"1350","2018-06-12T00:00:00",272,27.2
"1351","2018-06-13T00:00:00",0,0
"1352","2018-06-14T00:00:00",36,3.6
"1353","2018-06-15T00:00:00",0,0
"1354","2018-06-16T00:00:00",0,0
"1355","2018-06-17T00:00:00",0,0
"1356","2018-06-18T00:00:00",3,0.3
"1357","2018-06-19T00:00:00",0,0
"1358","2018-06-20T00:00:00",99,9.9
"1359","2018-06-21T00:00:00",0,0
"1360","2018-06-22T00:00:00",3,0.3
"1361","2018-06-23T00:00:00",28,2.8
"1362","2018-06-24T00:00:00",25,2.5
"1363","2018-06-25T00:00:00",8,0.8
"1364","2018-06-26T00:00:00",150,15
"1365","2018-06-27T00:00:00",89,8.9
"1366","2018-06-28T00:00:00",152,15.2
"1367","2018-06-29T00:00:00",284,28.4
"1368","2018-06-30T00:00:00",0,0
"1369","2018-07-01T00:00:00",58,5.8
"1370","2018-07-02T00:00:00",53,5.3
"1371","2018-07-03T00:00:00",0,0
"1372","2018-07-04T00:00:00",0,0
"1373","2018-07-05T00:00:00",0,0
"1374","2018-07-06T00:00:00",419,41.9
"1375","2018-07-07T00:00:00",99,9.9
"1376","2018-07-08T00:00:00",124,12.4
"1377","2018-07-09T00:00:00",0,0
"1378","2018-07-10T00:00:00",0,0
"1379","2018-07-11T00:00:00",0,0
"1380","2018-07-12T00:00:00",0,0
"1381","2018-07-13T00:00:00",188,18.8
"1382","2018-07-14T00:00:00",51,5.1
"1383","2018-07-15T00:00:00",38,3.8
"1384","2018-07-16T00:00:00",152,15.2
"1385","2018-07-17T00:00:00",340,34
"1386","2018-07-18T00:00:00",0,0
"1387","2018-07-19T00:00:00",0,0
"1388","2018-07-20T00:00:00",0,0
"1389","2018-07-21T00:00:00",132,13.2
"1390","2018-07-22T00:00:00",0,0
"1391","2018-07-23T00:00:00",8,0.8
"1392","2018-07-24T00:00:00",3,0.3
"1393","2018-07-25T00:00:00",30,3
"1394","2018-07-26T00:00:00",0,0
"1395","2018-07-27T00:00:00",0,0
"1396","2018-07-28T00:00:00",0,0
"1397","2018-07-29T00:00:00",0,0
"1398","2018-07-30T00:00:00",0,0
"1399","2018-07-31T00:00:00",0,0
"1400","2018-08-01T00:00:00",99,9.9
"1401","2018-08-02T00:00:00",198,19.8
"1402","2018-08-03T00:00:00",193,19.3
"1403","2018-08-04T00:00:00",191,19.1
"1404","2018-08-05T00:00:00",0,0
"1405","2018-08-06T00:00:00",0,0
"1406","2018-08-07T00:00:00",13,1.3
"1407","2018-08-08T00:00:00",8,0.8
"1408","2018-08-09T00:00:00",203,20.3
"1409","2018-08-10T00:00:00",25,2.5
"1410","2018-08-11T00:00:00",124,12.4
"1411","2018-08-12T00:00:00",0,0
"1412","2018-08-13T00:00:00",0,0
"1413","2018-08-14T00:00:00",0,0
"1414","2018-08-15T00:00:00",0,0
"1415","2018-08-16T00:00:00",0,0
"1416","2018-08-17T00:00:00",0,0
"1417","2018-08-18T00:00:00",0,0
"1418","2018-08-19T00:00:00",76,7.6
"1419","2018-08-20T00:00:00",8,0.8
"1420","2018-08-21T00:00:00",13,1.3
"1421","2018-08-22T00:00:00",99,9.9
"1422","2018-08-23T00:00:00",0,0
"1423","2018-08-24T00:00:00",0,0
"1424","2018-08-25T00:00:00",0,0
"1425","2018-08-26T00:00:00",0,0
"1426","2018-08-27T00:00:00",0,0
"1427","2018-08-28T00:00:00",0,0
"1428","2018-08-29T00:00:00",0,0
"1429","2018-08-30T00:00:00",0,0
"1430","2018-08-31T00:00:00",0,0
"1431","2018-09-01T00:00:00",0,0
"1432","2018-09-02T00:00:00",0,0
"1433","2018-09-03T00:00:00",38,3.8
"1434","2018-09-04T00:00:00",0,0
"1435","2018-09-05T00:00:00",0,0
"1436","2018-09-06T00:00:00",0,0
"1437","2018-09-07T00:00:00",10,1
"1438","2018-09-08T00:00:00",0,0
"1439","2018-09-09T00:00:00",61,6.1
"1440","2018-09-10T00:00:00",150,15
"1441","2018-09-11T00:00:00",56,5.6
"1442","2018-09-12T00:00:00",23,2.3
"1443","2018-09-13T00:00:00",0,0
"1444","2018-09-14T00:00:00",5,0.5
"1445","2018-09-15T00:00:00",0,0
"1446","2018-09-16T00:00:00",20,2
"1447","2018-09-17T00:00:00",18,1.8
"1448","2018-09-18T00:00:00",5,0.5
"1449","2018-09-19T00:00:00",0,0
"1450","2018-09-20T00:00:00",0,0
"1451","2018-09-21T00:00:00",0,0
"1452","2018-09-22T00:00:00",0,0
"1453","2018-09-23T00:00:00",0,0
"1454","2018-09-24T00:00:00",0,0
"1455","2018-09-25T00:00:00",61,6.1
"1456","2018-09-26T00:00:00",5,0.5
"1457","2018-09-27T00:00:00",135,13.5
"1458","2018-09-28T00:00:00",221,22.1
"1459","2018-09-29T00:00:00",0,0
"1460","2018-09-30T00:00:00",0,0
"1461","2018-10-01T00:00:00",0,0
"1462","2018-10-02T00:00:00",0,0
"1463","2018-10-03T00:00:00",0,0
"1464","2018-10-04T00:00:00",0,0
"1465","2018-10-05T00:00:00",0,0
"1466","2018-10-06T00:00:00",0,0
"1467","2018-10-07T00:00:00",5,0.5
"1468","2018-10-08T00:00:00",0,0
"1469","2018-10-09T00:00:00",0,0
"1470","2018-10-10T00:00:00",33,3.3
"1471","2018-10-11T00:00:00",310,31
"1472","2018-10-12T00:00:00",71,7.1
"1473","2018-10-13T00:00:00",0,0
"1474","2018-10-14T00:00:00",0,0
"1475","2018-10-15T00:00:00",0,0
"1476","2018-10-16T00:00:00",0,0
"1477","2018-10-17T00:00:00",196,19.6
"1478","2018-10-18T00:00:00",0,0
"1479","2018-10-19T00:00:00",0,0
"1480","2018-10-20T00:00:00",25,2.5
"1481","2018-10-21T00:00:00",53,5.3
"1482","2018-10-22T00:00:00",0,0
"1483","2018-10-23T00:00:00",0,0
"1484","2018-10-24T00:00:00",0,0
"1485","2018-10-25T00:00:00",0,0
"1486","2018-10-26T00:00:00",203,20.3
"1487","2018-10-27T00:00:00",160,16
"1488","2018-10-28T00:00:00",0,0
"1489","2018-10-29T00:00:00",0,0
"1490","2018-10-30T00:00:00",0,0
"1491","2018-10-31T00:00:00",0,0
"1492","2018-11-01T00:00:00",0,0
"1493","2018-11-02T00:00:00",193,19.3
"1494","2018-11-03T00:00:00",71,7.1
"1495","2018-11-04T00:00:00",0,0
"1496","2018-11-05T00:00:00",89,8.9
"1497","2018-11-06T00:00:00",160,16
"1498","2018-11-07T00:00:00",25,2.5
"1499","2018-11-08T00:00:00",0,0
"1500","2018-11-09T00:00:00",13,1.3
"1501","2018-11-10T00:00:00",51,5.1
"1502","2018-11-11T00:00:00",0,0
"1503","2018-11-12T00:00:00",5,0.5
"1504","2018-11-13T00:00:00",516,51.6
"1505","2018-11-14T00:00:00",8,0.8
"1506","2018-11-15T00:00:00",330,33
"1507","2018-11-16T00:00:00",18,1.8
"1508","2018-11-17T00:00:00",0,0
"1509","2018-11-18T00:00:00",0,0
"1510","2018-11-19T00:00:00",0,0
"1511","2018-11-20T00:00:00",13,1.3
"1512","2018-11-21T00:00:00",0,0
"1513","2018-11-22T00:00:00",0,0
"1514","2018-11-23T00:00:00",0,0
"1515","2018-11-24T00:00:00",241,24.1
"1516","2018-11-25T00:00:00",3,0.3
"1517","2018-11-26T00:00:00",3,0.3
"1518","2018-11-27T00:00:00",0,0
"1519","2018-11-28T00:00:00",0,0
"1520","2018-11-29T00:00:00",0,0
"1521","2018-11-30T00:00:00",15,1.5
"1522","2018-12-01T00:00:00",236,23.6
"1523","2018-12-02T00:00:00",81,8.1
"1524","2018-12-03T00:00:00",0,0
"1525","2018-12-04T00:00:00",0,0
"1526","2018-12-05T00:00:00",0,0
"1527","2018-12-06T00:00:00",0,0
"1528","2018-12-07T00:00:00",0,0
"1529","2018-12-08T00:00:00",13,1.3
"1530","2018-12-09T00:00:00",422,42.2
"1531","2018-12-10T00:00:00",8,0.8
"1532","2018-12-11T00:00:00",0,0
"1533","2018-12-12T00:00:00",0,0
"1534","2018-12-13T00:00:00",0,0
"1535","2018-12-14T00:00:00",5,0.5
"1536","2018-12-15T00:00:00",76,7.6
"1537","2018-12-16T00:00:00",38,3.8
"1538","2018-12-17T00:00:00",0,0
"1539","2018-12-18T00:00:00",0,0
"1540","2018-12-19T00:00:00",0,0
"1541","2018-12-20T00:00:00",0,0
"1542","2018-12-21T00:00:00",335,33.5
"1543","2018-12-22T00:00:00",89,8.9
"1544","2018-12-23T00:00:00",0,0
"1545","2018-12-24T00:00:00",13,1.3
"1546","2018-12-25T00:00:00",0,0
"1547","2018-12-26T00:00:00",0,0
"1548","2018-12-27T00:00:00",0,0
"1549","2018-12-28T00:00:00",658,65.8
"1550","2018-12-29T00:00:00",254,25.4
"1551","2018-12-30T00:00:00",51,5.1
"1552","2018-12-31T00:00:00",25,2.5
"1553","2019-01-01T00:00:00",66,6.6
"1554","2019-01-02T00:00:00",0,0
"1555","2019-01-03T00:00:00",157,15.7
"1556","2019-01-04T00:00:00",91,9.1
"1557","2019-01-05T00:00:00",36,3.6
"1558","2019-01-06T00:00:00",0,0
"1559","2019-01-07T00:00:00",0,0
"1560","2019-01-08T00:00:00",0,0
"1561","2019-01-09T00:00:00",0,0
"1562","2019-01-10T00:00:00",0,0
"1563","2019-01-11T00:00:00",0,0
"1564","2019-01-12T00:00:00",0,0
"1565","2019-01-13T00:00:00",264,26.4
"1566","2019-01-14T00:00:00",0,0
"1567","2019-01-15T00:00:00",0,0
"1568","2019-01-16T00:00:00",0,0
"1569","2019-01-17T00:00:00",0,0
"1570","2019-01-18T00:00:00",61,6.1
"1571","2019-01-19T00:00:00",0,0
"1572","2019-01-20T00:00:00",183,18.3
"1573","2019-01-21T00:00:00",0,0
"1574","2019-01-22T00:00:00",0,0
"1575","2019-01-23T00:00:00",0,0
"1576","2019-01-24T00:00:00",251,25.1
"1577","2019-01-25T00:00:00",0,0
"1578","2019-01-26T00:00:00",0,0
"1579","2019-01-27T00:00:00",0,0
"1580","2019-01-28T00:00:00",0,0
"1581","2019-01-29T00:00:00",0,0
"1582","2019-01-30T00:00:00",25,2.5
"1583","2019-01-31T00:00:00",0,0
"1584","2019-02-01T00:00:00",0,0
"1585","2019-02-02T00:00:00",0,0
"1586","2019-02-03T00:00:00",0,0
"1587","2019-02-04T00:00:00",0,0
"1588","2019-02-05T00:00:00",3,0.3
"1589","2019-02-06T00:00:00",0,0
"1590","2019-02-07T00:00:00",13,1.3
"1591","2019-02-08T00:00:00",5,0.5
"1592","2019-02-09T00:00:00",0,0
"1593","2019-02-10T00:00:00",0,0
"1594","2019-02-11T00:00:00",142,14.2
"1595","2019-02-12T00:00:00",145,14.5
"1596","2019-02-13T00:00:00",279,27.9
"1597","2019-02-14T00:00:00",0,0
"1598","2019-02-15T00:00:00",0,0
"1599","2019-02-16T00:00:00",155,15.5
"1600","2019-02-17T00:00:00",3,0.3
"1601","2019-02-18T00:00:00",371,37.1
"1602","2019-02-19T00:00:00",0,0
"1603","2019-02-20T00:00:00",241,24.1
"1604","2019-02-21T00:00:00",358,35.8
"1605","2019-02-22T00:00:00",366,36.6
"1606","2019-02-23T00:00:00",137,13.7
"1607","2019-02-24T00:00:00",257,25.7
"1608","2019-02-25T00:00:00",0,0
"1609","2019-02-26T00:00:00",0,0
"1610","2019-02-27T00:00:00",10,1
"1611","2019-02-28T00:00:00",3,0.3
"1612","2019-03-01T00:00:00",56,5.6
"1613","2019-03-02T00:00:00",102,10.2
"1614","2019-03-03T00:00:00",0,0
"1615","2019-03-04T00:00:00",185,18.5
"1616","2019-03-05T00:00:00",0,0
"1617","2019-03-06T00:00:00",0,0
"1618","2019-03-07T00:00:00",0,0
"1619","2019-03-08T00:00:00",3,0.3
"1620","2019-03-09T00:00:00",292,29.2
"1621","2019-03-10T00:00:00",112,11.2
"1622","2019-03-11T00:00:00",0,0
"1623","2019-03-12T00:00:00",20,2
"1624","2019-03-13T00:00:00",0,0
"1625","2019-03-14T00:00:00",0,0
"1626","2019-03-15T00:00:00",152,15.2
"1627","2019-03-16T00:00:00",51,5.1
"1628","2019-03-17T00:00:00",0,0
"1629","2019-03-18T00:00:00",0,0
"1630","2019-03-19T00:00:00",0,0
"1631","2019-03-20T00:00:00",0,0
"1632","2019-03-21T00:00:00",0,0
"1633","2019-03-22T00:00:00",3,0.3
"1634","2019-03-23T00:00:00",0,0
"1635","2019-03-24T00:00:00",0,0
"1636","2019-03-25T00:00:00",0,0
"1637","2019-03-26T00:00:00",66,6.6
"1638","2019-03-27T00:00:00",0,0
"1639","2019-03-28T00:00:00",0,0
"1640","2019-03-29T00:00:00",0,0
"1641","2019-03-30T00:00:00",0,0
"1642","2019-03-31T00:00:00",122,12.2
"1643","2019-04-01T00:00:00",0,0
"1644","2019-04-02T00:00:00",0,0
"1645","2019-04-03T00:00:00",0,0
"1646","2019-04-04T00:00:00",0,0
"1647","2019-04-05T00:00:00",43,4.3
"1648","2019-04-06T00:00:00",36,3.6
"1649","2019-04-07T00:00:00",10,1
"1650","2019-04-08T00:00:00",0,0
"1651","2019-04-09T00:00:00",368,36.8
"1652","2019-04-10T00:00:00",74,7.4
"1653","2019-04-11T00:00:00",0,0
"1654","2019-04-12T00:00:00",13,1.3
"1655","2019-04-13T00:00:00",13,1.3
"1656","2019-04-14T00:00:00",64,6.4
"1657","2019-04-15T00:00:00",455,45.5
"1658","2019-04-16T00:00:00",0,0
"1659","2019-04-17T00:00:00",0,0
"1660","2019-04-18T00:00:00",0,0
"1661","2019-04-19T00:00:00",259,25.9
"1662","2019-04-20T00:00:00",521,52.1
"1663","2019-04-21T00:00:00",46,4.6
"1664","2019-04-22T00:00:00",0,0
"1665","2019-04-23T00:00:00",0,0
"1666","2019-04-24T00:00:00",0,0
"1667","2019-04-25T00:00:00",0,0
"1668","2019-04-26T00:00:00",25,2.5
"1669","2019-04-27T00:00:00",15,1.5
"1670","2019-04-28T00:00:00",0,0
"1671","2019-04-29T00:00:00",0,0
"1672","2019-04-30T00:00:00",0,0
"1673","2019-05-01T00:00:00",0,0
"1674","2019-05-02T00:00:00",0,0
"1675","2019-05-03T00:00:00",0,0
"1676","2019-05-04T00:00:00",64,6.4
"1677","2019-05-05T00:00:00",356,35.6
"1678","2019-05-06T00:00:00",3,0.3
"1679","2019-05-07T00:00:00",0,0
"1680","2019-05-08T00:00:00",0,0
"1681","2019-05-09T00:00:00",10,1
"1682","2019-05-10T00:00:00",0,0
"1683","2019-05-11T00:00:00",107,10.7
"1684","2019-05-12T00:00:00",523,52.3
"1685","2019-05-13T00:00:00",36,3.6
"1686","2019-05-14T00:00:00",0,0
"1687","2019-05-15T00:00:00",0,0
"1688","2019-05-16T00:00:00",0,0
"1689","2019-05-17T00:00:00",0,0
"1690","2019-05-18T00:00:00",5,0.5
"1691","2019-05-19T00:00:00",0,0
"1692","2019-05-20T00:00:00",0,0
"1693","2019-05-21T00:00:00",0,0
"1694","2019-05-22T00:00:00",0,0
"1695","2019-05-23T00:00:00",30,3
"1696","2019-05-24T00:00:00",0,0
"1697","2019-05-25T00:00:00",0,0
"1698","2019-05-26T00:00:00",0,0
"1699","2019-05-27T00:00:00",0,0
"1700","2019-05-28T00:00:00",0,0
"1701","2019-05-29T00:00:00",0,0
"1702","2019-05-30T00:00:00",0,0
"1703","2019-05-31T00:00:00",0,0
"1704","2019-06-01T00:00:00",0,0
"1705","2019-06-02T00:00:00",0,0
"1706","2019-06-03T00:00:00",0,0
"1707","2019-06-04T00:00:00",0,0
"1708","2019-06-05T00:00:00",0,0
"1709","2019-06-06T00:00:00",38,3.8
"1710","2019-06-07T00:00:00",69,6.9
"1711","2019-06-08T00:00:00",155,15.5
"1712","2019-06-09T00:00:00",320,32
"1713","2019-06-10T00:00:00",58,5.8
"1714","2019-06-11T00:00:00",264,26.4
"1715","2019-06-12T00:00:00",0,0
"1716","2019-06-13T00:00:00",0,0
"1717","2019-06-14T00:00:00",0,0
"1718","2019-06-15T00:00:00",0,0
"1719","2019-06-16T00:00:00",0,0
"1720","2019-06-17T00:00:00",0,0
"1721","2019-06-18T00:00:00",457,45.7
"1722","2019-06-19T00:00:00",79,7.9
"1723","2019-06-20T00:00:00",102,10.2
"1724","2019-06-21T00:00:00",36,3.6
"1725","2019-06-22T00:00:00",81,8.1
"1726","2019-06-23T00:00:00",33,3.3
"1727","2019-06-24T00:00:00",23,2.3
"1728","2019-06-25T00:00:00",124,12.4
"1729","2019-06-26T00:00:00",0,0
"1730","2019-06-27T00:00:00",0,0
"1731","2019-06-28T00:00:00",3,0.3
"1732","2019-06-29T00:00:00",0,0
"1733","2019-06-30T00:00:00",0,0
"1734","2019-07-01T00:00:00",0,0
"1735","2019-07-02T00:00:00",0,0
"1736","2019-07-03T00:00:00",0,0
"1737","2019-07-04T00:00:00",201,20.1
"1738","2019-07-05T00:00:00",18,1.8
"1739","2019-07-06T00:00:00",112,11.2
"1740","2019-07-07T00:00:00",0,0
"1741","2019-07-08T00:00:00",5,0.5
"1742","2019-07-09T00:00:00",0,0
"1743","2019-07-10T00:00:00",0,0
"1744","2019-07-11T00:00:00",28,2.8
"1745","2019-07-12T00:00:00",13,1.3
"1746","2019-07-13T00:00:00",64,6.4
"1747","2019-07-14T00:00:00",470,47
"1748","2019-07-15T00:00:00",130,13
"1749","2019-07-16T00:00:00",0,0
"1750","2019-07-17T00:00:00",0,0
"1751","2019-07-18T00:00:00",53,5.3
"1752","2019-07-19T00:00:00",23,2.3
"1753","2019-07-20T00:00:00",30,3
"1754","2019-07-21T00:00:00",43,4.3
"1755","2019-07-22T00:00:00",0,0
"1756","2019-07-23T00:00:00",117,11.7
"1757","2019-07-24T00:00:00",112,11.2
"1758","2019-07-25T00:00:00",0,0
"1759","2019-07-26T00:00:00",0,0
"1760","2019-07-27T00:00:00",0,0
"1761","2019-07-28T00:00:00",0,0
"1762","2019-07-29T00:00:00",5,0.5
"1763","2019-07-30T00:00:00",18,1.8
"1764","2019-07-31T00:00:00",0,0
"1765","2019-08-01T00:00:00",183,18.3
"1766","2019-08-02T00:00:00",173,17.3
"1767","2019-08-03T00:00:00",3,0.3
"1768","2019-08-04T00:00:00",0,0
"1769","2019-08-05T00:00:00",0,0
"1770","2019-08-06T00:00:00",0,0
"1771","2019-08-07T00:00:00",0,0
"1772","2019-08-08T00:00:00",0,0
"1773","2019-08-09T00:00:00",0,0
"1774","2019-08-10T00:00:00",0,0
"1775","2019-08-11T00:00:00",0,0
"1776","2019-08-12T00:00:00",0,0
"1777","2019-08-13T00:00:00",0,0
"1778","2019-08-14T00:00:00",61,6.1
"1779","2019-08-15T00:00:00",3,0.3
"1780","2019-08-16T00:00:00",0,0
"1781","2019-08-17T00:00:00",0,0
"1782","2019-08-18T00:00:00",0,0
"1783","2019-08-19T00:00:00",0,0
"1784","2019-08-20T00:00:00",8,0.8
"1785","2019-08-21T00:00:00",3,0.3
"1786","2019-08-22T00:00:00",33,3.3
"1787","2019-08-23T00:00:00",422,42.2
"1788","2019-08-24T00:00:00",25,2.5
"1789","2019-08-25T00:00:00",241,24.1
"1790","2019-08-26T00:00:00",0,0
"1791","2019-08-27T00:00:00",76,7.6
"1792","2019-08-28T00:00:00",10,1
"1793","2019-08-29T00:00:00",0,0
"1794","2019-08-30T00:00:00",3,0.3
"1795","2019-08-31T00:00:00",0,0
"1796","2019-09-01T00:00:00",0,0
"1797","2019-09-02T00:00:00",0,0
"1798","2019-09-03T00:00:00",0,0
"1799","2019-09-04T00:00:00",0,0
"1800","2019-09-05T00:00:00",0,0
"1801","2019-09-06T00:00:00",0,0
"1802","2019-09-07T00:00:00",0,0
"1803","2019-09-08T00:00:00",0,0
"1804","2019-09-09T00:00:00",0,0
"1805","2019-09-10T00:00:00",0,0
"1806","2019-09-11T00:00:00",0,0
"1807","2019-09-12T00:00:00",107,10.7
"1808","2019-09-13T00:00:00",0,0
"1809","2019-09-14T00:00:00",0,0
"1810","2019-09-15T00:00:00",41,4.1
"1811","2019-09-16T00:00:00",0,0
"1812","2019-09-17T00:00:00",0,0
"1813","2019-09-18T00:00:00",0,0
"1814","2019-09-19T00:00:00",0,0
"1815","2019-09-20T00:00:00",0,0
"1816","2019-09-21T00:00:00",0,0
"1817","2019-09-22T00:00:00",0,0
"1818","2019-09-23T00:00:00",0,0
"1819","2019-09-24T00:00:00",0,0
"1820","2019-09-25T00:00:00",0,0
"1821","2019-09-26T00:00:00",0,0
"1822","2019-09-27T00:00:00",0,0
"1823","2019-09-28T00:00:00",25,2.5
"1824","2019-09-29T00:00:00",137,13.7
